date,fx_rate,log_return
2020-11-23,24.000440219338575,-0.0008146439996723016
2020-11-24,24.0333414792162,0.0013699219116057846
2020-11-25,23.87067530618716,-0.006791363612496228
2020-11-26,23.92859865599266,0.0024236091202654983
2020-11-27,23.92193305558669,-0.0002786008936854737
2020-11-30,23.882865542090013,-0.001634460277627777
2020-12-01,23.930473038336398,0.001991390410821717
2020-12-02,23.881990915876568,-0.0020280125752497736
2020-12-03,23.866708721377933,-0.0006401093699532839
2020-12-04,23.748729085373633,-0.00495553051181836
2020-12-07,23.730693348470115,-0.0007597286085839776
2020-12-08,23.680122388091988,-0.0021333098269478287
2020-12-09,23.704161026405195,0.0010146250462488378
2020-12-10,23.698569090110958,-0.0002359330910447874
2020-12-11,23.76183242002171,0.0026659432017777443
2020-12-14,23.732766111659863,-0.0012239839008738877
2020-12-15,23.63419991380386,-0.004161817755978868
2020-12-16,23.688234856135743,0.00228369339314042
2020-12-17,23.699810979581603,0.0004885672524357511
2020-12-18,23.644453572646718,-0.0023385063718188424
2020-12-21,23.74734951854262,0.004342358841354151
2020-12-22,23.636863343004798,-0.004663425605237352
2020-12-23,23.639067818324587,9.325994294480992e-05
2020-12-24,23.632540389903962,-0.00027616697250308197
2020-12-25,23.633837095873908,5.486800720712622e-05
2020-12-28,23.6448107002908,0.0004642097490293591
2020-12-29,23.661791187778864,0.0007178908456584429
2020-12-30,23.606396797180214,-0.0023438349689077023
2020-12-31,23.645600690635444,0.0016593542933652937
2021-01-01,23.59056941476478,-0.0023300492248007586
2021-01-04,23.589043000234852,-6.470653116148429e-05
2021-01-05,23.690063535183036,0.004273375538798596
2021-01-06,23.67539277135635,-0.0006194710423939937
2021-01-07,23.68604269484407,0.0004497297669460727
2021-01-08,23.72462620515634,0.001627630224392857
2021-01-11,23.694715229441886,-0.0012615518805838878
2021-01-12,23.579613574171276,-0.004869530065361447
2021-01-13,23.652909967738488,0.0031036432909799096
2021-01-14,23.65893248785209,0.00025458827361392783
2021-01-15,23.686262403003578,0.001154495963109781
2021-01-18,23.80371773490566,0.004946541188476281
2021-01-19,23.739744842275414,-0.0026911347121647503
2021-01-20,23.75155931469655,0.0004975425659318561
2021-01-21,23.831167354307908,0.0033460929820883453
2021-01-22,23.830821331660488,-1.4519857730183172e-05
2021-01-25,23.916678732881422,0.003596313676781038
2021-01-26,23.808680751708682,-0.004525818838574744
2021-01-27,23.89378246831558,0.003568025680301389
2021-01-28,23.920741729410057,0.0011276600323288626
2021-01-29,24.066534195116095,0.006076315501194335
2021-02-01,24.079345296801346,0.0005321785424965258
2021-02-02,24.059529698874464,-0.0008232680571729292
2021-02-03,24.20811456401725,0.006156726177854983
2021-02-04,24.152115069521322,-0.002315932738530102
2021-02-05,24.230509908979375,0.0032406223556093196
2021-02-08,24.121464393589136,-0.00451049628631701
2021-02-09,24.13483316784598,0.0005540737799802283
2021-02-10,24.162850030244574,0.0011601743059290186
2021-02-11,24.05373143955129,-0.004526193008894326
2021-02-12,24.176207407434706,0.005078846628478248
2021-02-15,24.273321352996817,0.004008875962564335
2021-02-16,24.213923209133352,-0.002450053580590648
2021-02-17,24.271608381135096,0.0023794809431673305
2021-02-18,24.19622515945446,-0.003110652032857319
2021-02-19,24.254124590128633,0.0023900532621649465
2021-02-22,24.21856128822791,-0.0014673545580289056
2021-02-23,24.228472103978472,0.0004091402587472356
2021-02-24,24.15605801914272,-0.0029932765170550654
2021-02-25,24.255891748460936,0.004124348278216372
2021-02-26,24.315912929703096,0.0024714425247642433
2021-03-01,24.34908798880553,0.001363405470679302
2021-03-02,24.372878386698286,0.000976577981280698
2021-03-03,24.572630882717288,0.008162285284470704
2021-03-04,24.535857643615536,-0.0014976329786763347
2021-03-05,24.60342392562133,0.0027499923657282412
2021-03-08,24.586936685847917,-0.0006703443595801015
2021-03-09,24.527919044236985,-0.002403251282688897
2021-03-10,24.485876114904602,-0.0017155553658867206
2021-03-11,24.39106996005908,-0.0038793861465868133
2021-03-12,24.484163141694506,0.003809426096041747
2021-03-15,24.4073440275691,-0.003142434413997361
2021-03-16,24.346043928945125,-0.002514702403140156
2021-03-17,24.3093591989254,-0.0015079409320573845
2021-03-18,24.253100761865873,-0.002316952735610308
2021-03-19,24.148749880484132,-0.0043118617024946355
2021-03-22,24.13998903524177,-0.0003628525215279396
2021-03-23,24.0965677926742,-0.0018003463410839317
2021-03-24,23.953980541182087,-0.005934902928943196
2021-03-25,23.779330759028138,-0.007317764335465413
2021-03-26,23.751390170492453,-0.0011756855864017142
2021-03-29,23.820513599333033,0.002906063117499199
2021-03-30,23.74613770315748,-0.003127231148406261
2021-03-31,23.706523981788134,-0.0016696104776848428
2021-04-01,23.68415791642471,-0.0009439014645136322
2021-04-02,23.630574463550065,-0.002264980613305056
2021-04-05,23.56773166034427,-0.0026629277829021657
2021-04-06,23.76836108451747,0.008476856196829767
2021-04-07,23.834622483658475,0.002783919702893228
2021-04-08,23.783467392854696,-0.00214855785334429
2021-04-09,23.84875386251804,0.0027412750791835933
2021-04-12,23.90680452634907,0.0024311596129136088
2021-04-13,23.789979637044233,-0.004898658262732284
2021-04-14,23.79199445604795,8.468833180302038e-05
2021-04-15,23.724794079630104,-0.002828491709605998
2021-04-16,23.81343269557934,0.0037291554474747288
2021-04-19,23.792290476434616,-0.0008882217988086503
2021-04-20,23.765018472291473,-0.00114691128390064
2021-04-21,23.756260050764805,-0.0003686105213516268
2021-04-22,23.80632063868923,0.0021050416392241656
2021-04-23,23.757959976501777,-0.00203348723985814
2021-04-26,23.79222846354161,0.0014413609744506192
2021-04-27,23.85664599081935,0.0027038442045297898
2021-04-28,23.71811832868522,-0.005823593899853036
2021-04-29,23.770337580012452,0.0021992406944061375
2021-04-30,23.726144629246875,-0.0018608941741813378
2021-05-03,23.655319864201303,-0.002989557986532742
2021-05-04,23.69060375158298,0.0014904723033795644
2021-05-05,23.602636028283104,-0.0037201014419490385
2021-05-06,23.614644294120495,0.0005086386176539774
2021-05-07,23.742809059931098,0.005412667685297964
2021-05-10,23.67846721921982,-0.0027136292079446996
2021-05-11,23.61474431533422,-0.0026948029275539885
2021-05-12,23.546205232065528,-0.002906605239291688
2021-05-13,23.516653949165107,-0.0012558219920457264
2021-05-14,23.528320282935827,0.0004959651567585073
2021-05-17,23.32651511316902,-0.008614112756443248
2021-05-18,23.40979162774381,0.003563679225635773
2021-05-19,23.355470189447654,-0.0023231544362898766
2021-05-20,23.304185540063585,-0.0021982446820088737
2021-05-21,23.300018092087374,-0.0001788442956869428
2021-05-24,23.242151207627042,-0.002486644483867084
2021-05-25,23.253009029637823,0.00046705171689906714
2021-05-26,23.249558600294993,-0.00014839736922139677
2021-05-27,23.305765418812456,0.002414625910604522
2021-05-28,23.367149052270587,0.0026303765061994147
2021-05-31,23.362799006382495,-0.00018617807557568965
2021-06-01,23.160275371038836,-0.008706428685491345
2021-06-02,23.14493199587927,-0.0006627062740278371
2021-06-03,23.284177076695126,0.0059981981597937
2021-06-04,23.306281548255924,0.0009488841222739466
2021-06-07,23.43234074055405,0.0053942325124120526
2021-06-08,23.48095125141855,0.0020723563066071915
2021-06-09,23.5344681572126,0.0022765692439205673
2021-06-10,23.603753459450513,0.002939667630920116
2021-06-11,23.676453241161248,0.003075275853445978
2021-06-14,23.738082265637267,0.002599585064954648
2021-06-15,23.691842574699,-0.0019498114636821075
2021-06-16,23.688892579746167,-0.00012452297107793677
2021-06-17,23.670372109290906,-0.0007821266449545596
2021-06-18,23.780728960589823,0.00465140103305146
2021-06-21,23.894574110729526,0.004775863358823776
2021-06-22,23.805140468903325,-0.0037498650636315573
2021-06-23,23.718968263173835,-0.003626466754156749
2021-06-24,23.73942709520399,0.0008621797320793205
2021-06-25,23.750258568072717,0.00045616107604280515
2021-06-28,23.777355270822007,0.0011402510455082802
2021-06-29,23.741361919778438,-0.0015149128619280047
2021-06-30,23.832639591401325,0.0038372968734008963
2021-07-01,23.713109776525755,-0.005028002220261856
2021-07-02,23.62500647366177,-0.0037223029376532942
2021-07-05,23.695736861437346,0.0029894052994250122
2021-07-06,23.70279215999228,0.0002977011629981367
2021-07-07,23.64505587425853,-0.002438814719057732
2021-07-08,23.60451569832542,-0.0017160022633826014
2021-07-09,23.67378377162883,0.0029302290328832204
2021-07-12,23.703945950272292,0.0012732641642148482
2021-07-13,23.75077974410641,0.001973831198230882
2021-07-14,23.711943416751364,-0.0016364984322879673
2021-07-15,23.76023871198495,0.0020346784044667572
2021-07-16,23.768326195667363,0.00034032097439425736
2021-07-19,23.907873638441547,0.005853983403607957
2021-07-20,23.915696260645245,0.00032714505796904394
2021-07-21,23.83031136006589,-0.0035766337692619624
2021-07-22,23.857983530704097,0.0011605436431506293
2021-07-23,23.897010653512123,0.0016344733011966171
2021-07-26,23.924830194303404,0.0011634660413001906
2021-07-27,23.83990529696823,-0.0035559701503946176
2021-07-28,23.885130872175864,0.0018952563423884066
2021-07-29,23.939839731259678,0.0022878794176969483
2021-07-30,24.023936836087938,0.003506695970367796
2021-08-02,24.192111173973387,0.006975893994470119
2021-08-03,24.078682698171672,-0.0046996817527682755
2021-08-04,24.09351489443505,0.0006157990489667419
2021-08-05,24.0009420956937,-0.003849629203007309
2021-08-06,23.98831514984647,-0.000526240532293198
2021-08-09,23.955348537718418,-0.0013752231176378201
2021-08-10,23.993061420031292,0.001573061134785649
2021-08-11,23.907071944197938,-0.003590368634335887
2021-08-12,23.885575282462604,-0.0008995803510552099
2021-08-13,23.88642065641045,3.539202963259674e-05
2021-08-16,23.65503858750692,-0.009733983749898529
2021-08-17,23.676664476320166,0.0009138014868785959
2021-08-18,23.765811581310974,0.0037581179281008727
2021-08-19,23.86711009351953,0.0042533047043644455
2021-08-20,23.959656330390384,0.0038700652082177002
2021-08-23,23.96571629366196,0.00025289165100103416
2021-08-24,24.00130661748474,0.0014839499386841
2021-08-25,24.099077147428677,0.004065275864403565
2021-08-26,24.11650862253559,0.0007230639465645105
2021-08-27,24.21013377471484,0.0038746854599969903
2021-08-30,24.115281928558414,-0.003925552075705169
2021-08-31,23.990662206146208,-0.005181064561648565
2021-09-01,23.98952570618463,-4.737371866362821e-05
2021-09-02,24.064146252849625,0.0031057192344396516
2021-09-03,23.91537103997577,-0.006201633450928769
2021-09-06,23.88948347613712,-0.001083051779205167
2021-09-07,23.90232105490119,0.0005372293094516299
2021-09-08,23.822038736246114,-0.0033644199622516616
2021-09-09,23.76123820233229,-0.0025555434982753675
2021-09-10,23.793146161151693,0.001341956752671204
2021-09-13,23.76898607355869,-0.0010159380387662204
2021-09-14,23.861578165832338,0.0038879324814869985
2021-09-15,23.847781870829394,-0.0005783475350287375
2021-09-16,23.879493747503208,0.0013288787566307805
2021-09-17,23.872780702406605,-0.00028116127318161675
2021-09-20,23.93699063913192,0.0026860607582673175
2021-09-21,23.854792530839372,-0.0034398460945153364
2021-09-22,23.880634014746516,0.0010826963662643914
2021-09-23,23.898881433396976,0.0007638176890855993
2021-09-24,23.83766143260621,-0.0025649127765844486
2021-09-27,23.72494322771468,-0.0047397915534773535
2021-09-28,23.81244310391656,0.003681311984987567
2021-09-29,23.822051857722542,0.0004034367927714961
2021-09-30,23.82599935448488,0.00016569394428272787
2021-10-01,23.883689017793372,0.002418363791218182
2021-10-04,23.893476852890014,0.00040972858289945504
2021-10-05,23.931340654413003,0.0015834376964826977
2021-10-06,23.902348817141437,-0.0012121933784300537
2021-10-07,23.909344452205033,0.00029263281156395626
2021-10-08,23.9761291098972,0.002789351175860967
2021-10-11,24.00738817509618,0.0013029086398713917
2021-10-12,24.04844227869195,0.0017086007335880686
2021-10-13,24.003660465112794,-0.001863886239589474
2021-10-14,23.747098392728,-0.010745988018586849
2021-10-15,23.756773320498347,0.0004073321838912393
2021-10-18,23.84372693892905,0.003653479046544648
2021-10-19,23.907243802530605,0.0026603396779797763
2021-10-20,23.92894405484521,0.000907273542274848
2021-10-21,23.958637878573903,0.001240147292283369
2021-10-22,24.029270920172298,0.0029437870653103377
2021-10-25,24.042366078972343,0.0005448185225810345
2021-10-26,24.24088300665173,0.008223060794766979
2021-10-27,24.226189579939227,-0.0006063261665492064
2021-10-28,24.204951791324156,-0.0008770303311076701
2021-10-29,24.03880226388091,-0.006887945915223247
2021-11-01,23.934924400417387,-0.004330621489408225
2021-11-02,23.973471005355652,0.0016091798913192836
2021-11-03,23.942466901062335,-0.0012941042156272091
2021-11-04,23.87789599812612,-0.0027005626166202758
2021-11-05,23.972580820829805,0.003957534076074854
2021-11-08,24.049615586304828,0.0032083010489454924
2021-11-09,24.097867552971394,0.0020043408159411556
2021-11-10,24.118385247416406,0.0008510696908944552
2021-11-11,24.205095639493766,0.0035887516192467752
2021-11-12,24.216957403581244,0.0004899323171694079
2021-11-15,24.25023165475254,0.0013730631813170207
2021-11-16,24.372255072166116,0.005019228007536333
2021-11-17,24.452432304132028,0.0032842935958947053
2021-11-18,24.450742724459104,-6.909897660450788e-05
2021-11-19,24.612349949209243,0.006587754680856634
2021-11-22,24.773286859063205,0.00651758243717759
2021-11-23,24.64508982398133,-0.005188244991132145
2021-11-24,24.78560747051014,0.005685455910279153
2021-11-25,24.860666426763252,0.0030237521388841396
2021-11-26,24.891408981618508,0.001235830204694267
2021-11-29,24.907421350325134,0.0006430821427622657
2021-11-30,24.89423959425481,-0.0005293701506391022
2021-12-01,24.93439703618457,0.0016118221705153238
2021-12-02,24.95266434496036,0.000732346587932817
2021-12-03,25.047645242843238,0.003799216961352499
2021-12-06,25.089915311323963,0.00168616414634173
2021-12-07,25.190009691912213,0.003981490139798291
2021-12-08,25.17661398622823,-0.0005319278927823711
2021-12-09,25.201515398204858,0.0009885803347162304
2021-12-10,25.120945923337583,-0.0032021304839064506
2021-12-13,25.308285610174014,0.007429839517303253
2021-12-14,25.35689298806834,0.0019187692277891017
2021-12-15,25.419434720596037,0.002463422109379204
2021-12-16,25.489391624281637,0.0027483229428761804
2021-12-17,25.370198799727138,-0.0046871412756533705
2021-12-20,25.46843451550607,0.003864613646643826
2021-12-21,25.343364396195213,-0.0049228869899178825
2021-12-22,25.462471591310383,0.004688729592033681
2021-12-23,25.547168839216376,0.003320836023447846
2021-12-24,25.591760452692284,0.0017439404928817031
2021-12-27,25.644549942389972,0.002060628798996233
2021-12-28,25.70893174403138,0.0025073990412375043
2021-12-29,25.565395729383198,-0.005598762447506904
2021-12-30,25.51702845928607,-0.0018936957405377881
2021-12-31,25.440059543998522,-0.0030209329786534816
2022-01-03,25.42406106110179,-0.0006290675326336607
2022-01-04,25.460557634310007,0.0014344837556930416
2022-01-05,25.505901471412777,0.0017793603817911337
2022-01-06,25.591279437462113,0.0033417908380081
2022-01-07,25.722635535187678,0.005119717905585866
2022-01-10,25.868000866190865,0.005635352685773632
2022-01-11,25.9767050384941,0.0041934592820664675
2022-01-12,25.948506092839736,-0.001086137073384728
2022-01-13,25.806485216204976,-0.005488213968185479
2022-01-14,25.77876862260334,-0.0010745937726853478
2022-01-17,25.685534862324886,-0.003623243917122713
2022-01-18,25.69224271433871,0.00026111880927240225
2022-01-19,25.704763284431706,0.0004872101048440537
2022-01-20,25.66435990140864,-0.0015730613586096706
2022-01-21,25.591284082492475,-0.002851427189242211
2022-01-24,25.6258646969063,0.0013503531724286372
2022-01-25,25.736038714249293,0.004290113060687329
2022-01-26,25.795192884277984,0.0022958580331572985
2022-01-27,25.855891120471085,0.0023503190805805574
2022-01-28,25.759487239576778,-0.0037354755910792353
2022-01-31,25.708268747192268,-0.0019903144526272343
2022-02-01,25.767125720358873,0.0022868012736797787
2022-02-02,25.855778424510905,0.003434630142228801
2022-02-03,25.903268422757975,0.0018350419671986581
2022-02-04,25.962553339239637,0.002286088999930995
2022-02-07,25.85092333487224,-0.00430892440541645
2022-02-08,25.804645307359127,-0.0017917928738727365
2022-02-09,25.909035365840484,0.004037237300175293
2022-02-10,25.91488952441352,0.0002259249414369769
2022-02-11,25.777116211873995,-0.005330558828625319
2022-02-14,25.756218177468963,-0.000811049228551799
2022-02-15,25.78857208641429,0.001255370834907645
2022-02-16,25.8234729690416,0.0013524318948994719
2022-02-17,25.821812755618367,-6.429293208504474e-05
2022-02-18,25.6525007858277,-0.006578526987587872
2022-02-21,25.55166274942919,-0.003938670600037215
2022-02-22,25.503931201782652,-0.001869787729758337
2022-02-23,25.59861394034444,0.0037056020064358164
2022-02-24,25.694608338426768,0.0037429705481427746
2022-02-25,25.69641393965613,7.026913067942721e-05
2022-02-28,25.672408423943804,-0.000934633746901782
2022-03-01,25.677711116902454,0.00020653089125846294
2022-03-02,25.767350002362004,0.0034848428294114494
2022-03-03,25.690468183165127,-0.0029881514263379026
2022-03-04,25.94327519728236,0.009792396124042403
2022-03-07,25.928365624973978,-0.000574864125469496
2022-03-08,25.908249417538194,-0.0007761389677587783
2022-03-09,25.866317898596886,-0.0016197731930092769
2022-03-10,25.828646269471204,-0.0014574586287230181
2022-03-11,26.00566681697945,0.006830272272287407
2022-03-14,26.027281575695227,0.0008308105009138262
2022-03-15,26.077285989764327,0.001919387560709959
2022-03-16,25.97547404534922,-0.003911879953355924
2022-03-17,26.087361798719915,0.004298187903588752
2022-03-18,26.118498651413656,0.0011928490831218416
2022-03-21,26.14890484661341,0.0011634860962997696
2022-03-22,26.128667368982484,-0.0007742317703041532
2022-03-23,26.16477045423781,0.0013807885843527257
2022-03-24,26.094801637732182,-0.002677743254026278
2022-03-25,25.912631554089582,-0.0070055689160932934
2022-03-28,25.95985154930531,0.0018206187725681043
2022-03-29,25.88250173659587,-0.0029840416263385927
2022-03-30,25.968596096113078,0.003320833781195091
2022-03-31,26.059331149246155,0.0034879400324103133
2022-04-01,25.93477321713175,-0.004791242080677005
2022-04-04,25.937652518202455,0.00011101470705682222
2022-04-05,25.981430334219606,0.0016863867382467357
2022-04-06,26.03682960652263,0.00212999409480805
2022-04-07,25.972105669326957,-0.002488955802135882
2022-04-08,26.028235591385826,0.00215882982679362
2022-04-11,26.01598374329288,-0.000470824559418565
2022-04-12,25.985460515672457,-0.0011739378227203089
2022-04-13,25.946918319666743,-0.001484322649817826
2022-04-14,25.927435692919637,-0.0007511468059311739
2022-04-15,25.965400980976355,0.0014632190978100112
2022-04-18,25.943884027257518,-0.0008290214341332667
2022-04-19,25.9141767588668,-0.0011457147139715804
2022-04-20,25.85049901954634,-0.002460278963709205
2022-04-21,25.858093859578236,0.0002937554345857544
2022-04-22,25.8300276219553,-0.0010859841517482397
2022-04-25,25.912261132533544,0.0031785830041208994
2022-04-26,25.91236801954308,4.124950290649654e-06
2022-04-27,25.908396880106654,-0.0001532644086552376
2022-04-28,25.98648209978971,0.0030093635498548194
2022-04-29,26.04236213537,0.002148041452313376
2022-05-02,25.997174248899167,-0.001736675649626834
2022-05-03,25.823469665390352,-0.0067040940050796935
2022-05-04,25.621284881873695,-0.00786030864699726
2022-05-05,25.67385110123056,0.002049560323825236
2022-05-06,25.77385163345916,0.003887468355260849
2022-05-09,25.79598881642878,0.0008585322016215764
2022-05-10,25.7542579723826,-0.0016190360186952811
2022-05-11,25.676460374010436,-0.003025338171874708
2022-05-12,25.6559986096869,-0.0007972252182102015
2022-05-13,25.606187357298293,-0.0019433922735108107
2022-05-16,25.547080590237666,-0.0023109684185413106
2022-05-17,25.51979009522958,-0.0010688141740325897
2022-05-18,25.51356228734676,-0.00024406814849440238
2022-05-19,25.562098355450953,0.0019005562376747194
2022-05-20,25.61823869579435,0.002193825445249746
2022-05-23,25.56688705339697,-0.0020065071199700823
2022-05-24,25.61684864391497,0.001952245403951145
2022-05-25,25.65343412471778,0.001427161507091855
2022-05-26,25.698769473080983,0.001765663670298541
2022-05-27,25.712107338138267,0.0005188732884485627
2022-05-30,25.805023419960392,0.003607195556340906
2022-05-31,25.745996822768106,-0.002290027344176402
2022-06-01,25.83745471061778,0.003546020321074056
2022-06-02,25.878977061000914,0.0016057704633843225
2022-06-03,25.931359396325075,0.00202208118126256
2022-06-06,25.920039766068207,-0.00043661812871221114
2022-06-07,25.97420870047958,0.0020876669644897985
2022-06-08,25.895556054907246,-0.0030326995399223024
2022-06-09,25.923600554942208,0.0010823990434333103
2022-06-10,25.832670291691418,-0.0035137909018912593
2022-06-13,25.741010315773412,-0.0035545290290011655
2022-06-14,25.667819995423734,-0.002847385142064303
2022-06-15,25.600352140030072,-0.00263196020183548
2022-06-16,25.676518622436895,0.002970795108683751
2022-06-17,25.561262551172216,-0.00449887809434001
2022-06-20,25.567972188698143,0.00026245796944085237
2022-06-21,25.600020848376108,0.001252684030256433
2022-06-22,25.646755426743972,0.0018239036567945994
2022-06-23,25.62997907620865,-0.0006543455349307211
2022-06-24,25.568160269964743,-0.0024148860515488813
2022-06-27,25.53190700687063,-0.0014189127767734856
2022-06-28,25.461434859481937,-0.0027639762241155074
2022-06-29,25.536368344331507,0.0029386967307919315
2022-06-30,25.623164926879777,0.003393176609602331
2022-07-01,25.6872048300103,0.0024961791032178026
2022-07-04,25.781933293098323,0.003680985285702492
2022-07-05,25.88212625866969,0.0038786379563581098
2022-07-06,25.794715439521767,-0.0033829816080211666
2022-07-07,25.906894449348766,0.004339485215497462
2022-07-08,26.032992434291728,0.004855545140836166
2022-07-11,26.122851961241384,0.0034458119470305686
2022-07-12,26.029519878778707,-0.003579211407175198
2022-07-13,26.04573752982874,0.000622854398859056
2022-07-14,25.90984233478504,-0.0052312188720717336
2022-07-15,25.92077213092758,0.00042175059729548687
2022-07-18,25.82661605445455,-0.0036390698615914323
2022-07-19,25.734796188909538,-0.0035615767144449692
2022-07-20,25.845543729243865,0.004294183043079294
2022-07-21,25.844502390362464,-4.0291659989177714e-05
2022-07-22,25.73486454301596,-0.004251235289949085
2022-07-25,25.598766678896492,-0.005302495839949731
2022-07-26,25.698224753500735,0.0038777400566833435
2022-07-27,25.76818287239674,0.002718595107374949
2022-07-28,25.893674134763994,0.004858188089137853
2022-07-29,25.820044791336738,-0.0028475768020325165
2022-08-01,25.895425236730663,0.0029152011472553035
2022-08-02,25.823160827760066,-0.0027945255853975984
2022-08-03,25.94421747081603,0.004676955553858015
2022-08-04,26.000677429276823,0.0021738413679822863
2022-08-05,25.850998161812026,-0.005773378835541335
2022-08-08,25.816532718339857,-0.0013341240812982957
2022-08-09,25.819929257183578,0.00013155583162263376
2022-08-10,25.77540969023877,-0.0017257209237007516
2022-08-11,25.78045532667805,0.00019573472208185707
2022-08-12,25.80506242651142,0.0009540313937529165
2022-08-15,25.768356885486828,-0.001423428879133034
2022-08-16,25.776763261921943,0.0003261754550422769
2022-08-17,25.873851768583396,0.0037594371704209404
2022-08-18,25.83555424489567,-0.0014812597414182208
2022-08-19,25.685901420424994,-0.005809356254370442
2022-08-22,25.5341876479721,-0.005924012195135488
2022-08-23,25.42660373245436,-0.004222229381856415
2022-08-24,25.460222487213077,0.0013213148528761914
2022-08-25,25.391184275831773,-0.0027152937624791225
2022-08-26,25.26480987767369,-0.0049895244362576745
2022-08-29,25.272989865112244,0.0003237175956062926
2022-08-30,25.106132503902998,-0.006624092024025946
2022-08-31,25.1204787241461,0.0005712597478695708
2022-09-01,24.977217721375105,-0.005719280663302884
2022-09-02,24.921142319722406,-0.002247585901123033
2022-09-05,24.98666667084838,0.002625817085541998
2022-09-06,24.99266375003975,0.00023998237550007078
2022-09-07,24.86434359943326,-0.005147538561635972
2022-09-08,24.893587114944385,0.0011754314722606644
2022-09-09,24.932520586195917,0.0015627742551706707
2022-09-12,24.84891862956098,-0.003358763287956375
2022-09-13,24.743887687595382,-0.004235739285578212
2022-09-14,24.637614748890332,-0.004304166439976336
2022-09-15,24.676220181136742,0.00156570423645731
2022-09-16,24.771640127515266,0.003859421387455639
2022-09-19,24.576508898415025,-0.007908391700722649
2022-09-20,24.63474222942008,0.0023666684691582805
2022-09-21,24.611256001526687,-0.0009538330226912049
2022-09-22,24.698970158815268,0.003557649462766624
2022-09-23,24.678402830901604,-0.0008330669639889455
2022-09-26,24.77255603299774,0.0038079470259540686
2022-09-27,24.611353419027015,-0.006528571282717521
2022-09-28,24.442915152442204,-0.00686745245535513
2022-09-29,24.49720008601775,0.0022184237030997847
2022-09-30,24.562156634339004,0.0026480814516018202
2022-10-03,24.655342928508198,0.0037867183968523692
2022-10-04,24.715854622143972,0.002451296583364842
2022-10-05,24.768871431087984,0.002142755288655881
2022-10-06,24.801614189348513,0.0013210587958778365
2022-10-07,24.847900807737357,0.0018645351037624813
2022-10-10,24.806769533338876,-0.001656693459989498
2022-10-11,24.782638785806068,-0.0009732219139277703
2022-10-12,24.811205984729206,0.0011520462756970866
2022-10-13,24.714891077363475,-0.0038894657362355204
2022-10-14,24.79939357075238,0.003413260477444345
2022-10-17,24.83977611631425,0.001627043914113683
2022-10-18,24.817265580751805,-0.0009066402804152249
2022-10-19,24.80917219105048,-0.00032617250548177564
2022-10-20,24.853102834238324,0.001769176084824741
2022-10-21,24.90024068129057,0.0018948620464702799
2022-10-24,24.963819368804355,0.0025500820392014003
2022-10-25,24.986051099888805,0.0008901617699446116
2022-10-26,24.991638101223813,0.0002235798192189395
2022-10-27,24.90503197708959,-0.003471422480532019
2022-10-28,24.917818812412637,0.0005132920096369417
2022-10-31,25.02338600486983,0.004227665314774629
2022-11-01,25.107391772639698,0.003351467905582551
2022-11-02,25.174235386109093,0.0026587704743582133
2022-11-03,25.219820249468036,0.0018091370189283243
2022-11-04,25.219422539319414,-1.5769869912380795e-05
2022-11-07,25.050575078068665,-0.006717648864741188
2022-11-08,24.861639392710728,-0.007570755566970505
2022-11-09,24.854837621647743,-0.00027362240906402056
2022-11-10,24.880519742707392,0.0010327511333301997
2022-11-11,24.95645859889846,0.0030474927449342312
2022-11-14,24.98755441208505,0.0012452270184146854
2022-11-15,24.979146067748562,-0.000336557920979748
2022-11-16,25.03130621739312,0.002085970679118885
2022-11-17,25.06086619741194,0.0011802236567136006
2022-11-18,24.976603147165687,-0.0033680012599619992
2022-11-21,24.86064531552072,-0.004653468820016248
2022-11-22,24.87003136605387,0.00037747528370463655
2022-11-23,24.953920945361126,0.003367442954194577
2022-11-24,24.91568106911211,-0.0015335949034705585
2022-11-25,24.84312085850052,-0.002916479466259973
2022-11-28,24.807504296462824,-0.0014346876010421948
2022-11-29,24.61331423292831,-0.007858674490773055
2022-11-30,24.68590209104063,0.0029447896327938696
2022-12-01,24.619294636651393,-0.0027018448086289695
2022-12-02,24.64020657074226,0.0008490518513001723
2022-12-05,24.71133653413777,0.002882585150282941
2022-12-06,24.729271687318427,0.0007255231928801737
2022-12-07,24.729783267651253,2.068702417844626e-05
2022-12-08,24.800204157888817,0.0028435677596182047
2022-12-09,24.84039784380495,0.0016193878832686014
2022-12-12,24.830483321245143,-0.0003992086493707847
2022-12-13,24.79540324687313,-0.001413781501594751
2022-12-14,24.807860464759038,0.0005022741334207615
2022-12-15,24.879843138355508,0.002897405946915043
2022-12-16,24.958923243691252,0.0031734401728840036
2022-12-19,25.1099925869048,0.006034474649119968
2022-12-20,25.196426346236624,0.0034362948592456736
2022-12-21,25.251776953056766,0.0021943548198172197
2022-12-22,25.235664972592502,-0.0006382569762577421
2022-12-23,25.207636618088454,-0.0011112816371911809
2022-12-26,25.219826082971764,0.0004834455063890988
2022-12-27,25.144790604106266,-0.0029796924634208307
2022-12-28,25.157713739191667,0.0005138167786447366
2022-12-29,25.152905782287586,-0.00019113089699332556
2022-12-30,25.25380140424851,0.004003267118197327
2023-01-02,25.232305174974865,-0.000851570145895442
2023-01-03,25.21567581483119,-0.0006592676424193641
2023-01-04,25.26403416605287,0.0019159526088051552
2023-01-05,25.22285729535887,-0.0016311909342132083
2023-01-06,25.296477351907196,0.002914531997545973
2023-01-09,25.307844519354354,0.0004492567914363959
2023-01-10,25.278682734730893,-0.001152946819510077
2023-01-11,25.308763061271474,0.0011892409119483127
2023-01-12,25.309141706080666,1.4960904088761272e-05
2023-01-13,25.3445325155833,0.0013973641914508431
2023-01-16,25.334472845688072,-0.0003969955588368058
2023-01-17,25.152788420741338,-0.007197269357463125
2023-01-18,25.05600231147502,-0.0038553499392559388
2023-01-19,25.12272351881541,0.002659343997202755
2023-01-20,25.1773716375924,0.0021728841708341714
2023-01-23,25.11873990763265,-0.0023314627996965827
2023-01-24,25.054106048478435,-0.0025764492197447955
2023-01-25,25.05479655088751,2.7560069101373766e-05
2023-01-26,25.01227170696648,-0.001698715568003584
2023-01-27,25.081995218573784,0.002783694059626246
2023-01-30,24.984571213215283,-0.0038917838896096553
2023-01-31,24.996937686556915,0.0004948419471999242
2023-02-01,25.094018290066796,0.0038761777717387326
2023-02-02,25.175320661430085,0.0032346732202454855
2023-02-03,25.339546302392304,0.0065020945086615625
2023-02-06,25.401851547848494,0.0024557966240239403
2023-02-07,25.41854444021937,0.0006569367533119809
2023-02-08,25.40800640301199,-0.0004146666332281303
2023-02-09,25.403331499067292,-0.00018401026821607063
2023-02-10,25.480754830166706,0.0030431278788226757
2023-02-13,25.57338454645631,0.0036286898207107334
2023-02-14,25.52439506389411,-0.0019174804833348874
2023-02-15,25.576941742414768,0.0020565683923386194
2023-02-16,25.47429670618303,-0.004021260900608705
2023-02-17,25.351464820860194,-0.004833459283987828
2023-02-20,25.373434779178517,0.000866239652137607
2023-02-21,25.327721917865173,-0.001803228039678567
2023-02-22,25.42107150021222,0.003678892889639056
2023-02-23,25.39007909816383,-0.0012199056910501289
2023-02-24,25.51816435973916,0.005032015373054844
2023-02-27,25.558195993147592,0.0015675213084387141
2023-02-28,25.570458166958684,0.0004796595665434216
2023-03-01,25.35167598921312,-0.008592865462552755
2023-03-02,25.265189694704482,-0.003417294907732484
2023-03-03,25.237676465373884,-0.0010895711132624653
2023-03-06,25.36475008852129,0.005022442555419709
2023-03-07,25.200749203275407,-0.006486693994940709
2023-03-08,25.23404914076362,0.0013205145423594163
2023-03-09,25.22779840208989,-0.0002477411751678343
2023-03-10,25.228443098001524,2.5554654588084386e-05
2023-03-13,25.0474330208393,-0.007200704323887312
2023-03-14,25.033231999788455,-0.0005671259127897012
2023-03-15,25.13874523231124,0.004206068562441532
2023-03-16,25.211582578404716,0.0028932243371233525
2023-03-17,25.242083978194476,0.0012090857052519514
2023-03-20,25.34441637325174,0.0040458436118299195
2023-03-21,25.393560134102763,0.0019371594849438643
2023-03-22,25.41647313028177,0.0009019083932881996
2023-03-23,25.44254464488927,0.0010252465750111726
2023-03-24,25.470554273649817,0.0011002917591469467
2023-03-27,25.539482496613516,0.0027025373546295
2023-03-28,25.593769990409626,0.002123374186186625
2023-03-29,25.481157264472866,-0.004409713903640667
2023-03-30,25.41728521368217,-0.0025097854161543597
2023-03-31,25.373462974014608,-0.0017255997245686043
2023-04-03,25.313227089143382,-0.0023767941111546443
2023-04-04,25.32866689953804,0.0006097643534618567
2023-04-05,25.21038466325329,-0.0046808338737181435
2023-04-06,25.255642198296396,0.001793584713924762
2023-04-07,25.356610373206525,0.003989876115910314
2023-04-10,25.281238621863526,-0.002976896076758942
2023-04-11,25.283316929289917,8.220412124289885e-05
2023-04-12,25.289088966832473,0.00022826826073803176
2023-04-13,25.373361513009918,0.003326827782908533
2023-04-14,25.48994538962727,0.004584211601024125
2023-04-17,25.52965029950675,0.001556457567285642
2023-04-18,25.567888589052853,0.0014966786078469546
2023-04-19,25.5620765640469,-0.00022734320328920624
2023-04-20,25.60280430493362,0.0015920197134101925
2023-04-21,25.503221474167482,-0.003897112142154083
2023-04-24,25.49029537167961,-0.0005069704371951145
2023-04-25,25.475148440902487,-0.0005944000518778755
2023-04-26,25.501031917794368,0.0010155126937383436
2023-04-27,25.44896991533718,-0.0020436513720838165
2023-04-28,25.42946268473593,-0.0007668173157163126
2023-05-01,25.3965586163543,-0.0012947727221654466
2023-05-02,25.441578468265305,0.0017711059555276323
2023-05-03,25.454128738127896,0.000493175979108658
2023-05-04,25.400367531808808,-0.0021143155586971427
2023-05-05,25.37480137063674,-0.0010070341029009592
2023-05-08,25.32844871035428,-0.0018283906109192265
2023-05-09,25.368627798479288,0.001585065621299848
2023-05-10,25.401490848745382,0.0012945825509750888
2023-05-11,25.431534573414257,0.0011820554813565475
2023-05-12,25.37123365696068,-0.0023739235822351733
2023-05-15,25.38948146114922,0.0007189735184834753
2023-05-16,25.4971290673616,0.004230887680367198
2023-05-17,25.518133066988785,0.0008234398858399905
2023-05-18,25.601025602003848,0.003243113142984397
2023-05-19,25.586104855475483,-0.0005829882166713713
2023-05-22,25.62753610158135,0.001617977334554604
2023-05-23,25.700901540569696,0.002858668306313697
2023-05-24,25.76413106466188,0.002457185110166227
2023-05-25,25.87147956940812,0.00415793124492592
2023-05-26,26.04767109818935,0.006787175941112847
2023-05-29,26.05567876606886,0.00030737631892828666
2023-05-30,26.184397329498097,0.004927972298007185
2023-05-31,26.207173870328337,0.0008694735333765574
2023-06-01,26.154077288171905,-0.0020280875334765442
2023-06-02,25.979718742633246,-0.006688912333351761
2023-06-05,26.054413098423915,0.0028709773548091064
2023-06-06,26.094926460850782,0.0015537443396063922
2023-06-07,26.158909632595265,0.002448938049533157
2023-06-08,26.16234205787051,0.00013120577850382034
2023-06-09,26.23844656755773,0.0029047106043084163
2023-06-12,26.20091530963071,-0.001431415753045356
2023-06-13,26.222769066506583,0.000833736064217876
2023-06-14,26.168146121902193,-0.002085207490652943
2023-06-15,26.2144733766523,0.0017688029835896716
2023-06-16,26.30166576343312,0.003320596994617043
2023-06-19,26.441894289033794,0.005317383046171752
2023-06-20,26.404979379814684,-0.00139705199798551
2023-06-21,26.44834084620358,0.0016408231661501553
2023-06-22,26.3359001039309,-0.004260397055048578
2023-06-23,26.296408904896218,-0.0015006450292358077
2023-06-26,26.187971467391257,-0.004132185272371162
2023-06-27,26.057755067472197,-0.004984777825490616
2023-06-28,26.077789575996157,0.0007685547220086397
2023-06-29,26.152686649694814,0.0028679472387530347
2023-06-30,26.0411478222176,-0.004274029620499552
2023-07-03,26.016680256192313,-0.0009400149307083202
2023-07-04,26.15091411009077,0.005146265676370371
2023-07-05,26.197762847640632,0.0017898733179034561
2023-07-06,26.257503293447794,0.002277768316927513
2023-07-07,26.38424390056436,0.004815222091211373
2023-07-10,26.25818715212334,-0.004789178115790727
2023-07-11,26.385827732476088,0.0048492057740141285
2023-07-12,26.339006062421433,-0.0017760770017728562
2023-07-13,26.24593496210958,-0.003539842231786371
2023-07-14,26.282520238959645,0.0013929700626356893
2023-07-17,26.324958344199235,0.0016133871300486459
2023-07-18,26.31762031002922,-0.0002787870353290615
2023-07-19,26.38718932223505,0.0026399508164587577
2023-07-20,26.383660599685157,-0.00013373756762959376
2023-07-21,26.341386771798287,-0.0016035580451009871
2023-07-24,26.32657050568646,-0.0005626292443662421
2023-07-25,26.425928023763003,0.003766935721904988
2023-07-26,26.351577343400063,-0.0028175158727610943
2023-07-27,26.436545450961116,0.0032192158554895044
2023-07-28,26.475721117567346,0.0014807785152761111
2023-07-31,26.54771068320707,0.002715388552887446
2023-08-01,26.359376920616686,-0.0071194452999673715
2023-08-02,26.307640234253842,-0.001964671849647309
2023-08-03,26.35978465037982,0.00198013984082881
2023-08-04,26.281622950916912,-0.002969592207481488
2023-08-07,26.257360177920955,-0.0009236103660876581
2023-08-08,26.295383685644182,0.0014470610500186413
2023-08-09,26.314231805988847,0.0007165276147690381
2023-08-10,26.29476035548986,-0.0007402328228727921
2023-08-11,26.26734856632033,-0.0010430248031110955
2023-08-14,26.250983627174993,-0.0006232086584437193
2023-08-15,26.24207036498872,-0.0003395977789084897
2023-08-16,26.212048303759413,-0.0011446980816565938
2023-08-17,26.18937867603842,-0.0008652294581207587
2023-08-18,26.131076206535777,-0.0022286692180216506
2023-08-21,26.153490932979977,0.0008574127718254543
2023-08-22,26.104532834682818,-0.0018737070057696461
2023-08-23,26.034861090859714,-0.0026725199526100984
2023-08-24,26.141751782044885,0.004097270207332866
2023-08-25,26.139190011302706,-9.80001758328744e-05
2023-08-28,26.16621470321041,0.0010333423270480042
2023-08-29,26.11502815718954,-0.0019581233947594547
2023-08-30,26.119938325020925,0.00018800310123770903
2023-08-31,26.170291694393608,0.0019259194277044625
2023-09-01,26.262157276442355,0.003504153548196382
2023-09-04,26.16593515280481,-0.003670636378973702
2023-09-05,26.14483887429087,-0.0008065749379550462
2023-09-06,25.9869218098311,-0.006058400691082557
2023-09-07,25.957698241025653,-0.0011251818517492432
2023-09-08,25.93671483352769,-0.0008086962506501268
2023-09-11,26.009950884743578,0.0028196650824549286
2023-09-12,26.040451096891672,0.001171949282919067
2023-09-13,25.894317701198517,-0.005627589560612169
2023-09-14,25.776649468466548,-0.004554528106741082
2023-09-15,25.85822408060474,0.0031596738559879142
2023-09-18,25.89813909333186,0.001542419837588939
2023-09-19,25.83619356623798,-0.002394756190461171
2023-09-20,25.75181030120918,-0.003271432657224861
2023-09-21,25.710037917340532,-0.0016234315124327707
2023-09-22,25.51196739445567,-0.007733844426178354
2023-09-25,25.38977479308042,-0.004801125888573143
2023-09-26,25.366926978776284,-0.0009002876487147966
2023-09-27,25.260232128503013,-0.004214931673560225
2023-09-28,25.26098408945516,2.9768125492133548e-05
2023-09-29,25.338095991789796,0.003047959050189427
2023-10-02,25.402230886867223,0.0025279667348584813
2023-10-03,25.48647722012339,0.0033110060504345246
2023-10-04,25.434481414967625,-0.0020422169818025953
2023-10-05,25.45178324495225,0.0006800196778833153
2023-10-06,25.395039399231457,-0.0022319533975293272
2023-10-09,25.431988198599573,0.0014539038626896104
2023-10-10,25.43274118761153,2.9607510787900152e-05
2023-10-11,25.383323881568845,-0.00194494876978369
2023-10-12,25.449198327155745,0.0025918242731558074
2023-10-13,25.49309876459466,0.0017235362679983326
2023-10-16,25.36537367744013,-0.005022775932708539
2023-10-17,25.368814728463516,0.00013565018528062138
2023-10-18,25.40133864447956,0.0012812220686518323
2023-10-19,25.38082671996941,-0.0008078397397376291
2023-10-20,25.364407699926502,-0.0006471157657884609
2023-10-23,25.356929317823905,-0.00029488111301852416
2023-10-24,25.375568057588247,0.0007347850615364898
2023-10-25,25.40571511353999,0.0011873295675418653
2023-10-26,25.37220220551679,-0.0013199798124271392
2023-10-27,25.43370898497264,0.002421246192141611
2023-10-30,25.451690907718483,0.0007067616067585261
2023-10-31,25.528415413289803,0.003009980521228961
2023-11-01,25.541250351703475,0.0005026443189569806
2023-11-02,25.53719704657111,-0.000158709019061286
2023-11-03,25.560536592985603,0.0009135257623071203
2023-11-06,25.431942594152183,-0.005043656377806344
2023-11-07,25.336234481204123,-0.003770402320636909
2023-11-08,25.35922816413961,0.0009071298815479956
2023-11-09,25.443424066659894,0.003314629292364433
2023-11-10,25.45588615376366,0.0004896760800417549
2023-11-13,25.558212118998743,0.004011679356574933
2023-11-14,25.621690785609363,0.0024806103786435122
2023-11-15,25.65528175917924,0.0013101779105865658
2023-11-16,25.65638716827952,4.308607081225814e-05
2023-11-17,25.6867042258515,0.0011809597074226522
2023-11-20,25.72095732060239,0.001332606805658374
2023-11-21,25.650336127382722,-0.002749443627664422
2023-11-22,25.61088802041853,-0.001539101549257533
2023-11-23,25.675238159481495,0.0025094573377208965
2023-11-24,25.819535471956634,0.0056043625394863045
2023-11-27,25.905395852890482,0.0033198868551359752
2023-11-28,25.919319960927954,0.0005373539691965647
2023-11-29,25.907577825652098,-0.0004531290113147512
2023-11-30,25.951166890077612,0.0016810694099773384
2023-12-01,26.124735048835426,0.006665993098922411
2023-12-04,26.124357177443624,-1.4464228016415715e-05
2023-12-05,26.156655580122617,0.0012355692854590877
2023-12-06,26.11251859955029,-0.0016888344518738183
2023-12-07,26.172468105037286,0.002293183398784701
2023-12-08,26.185688396460904,0.0005049945448019167
2023-12-11,26.183586015009208,-8.029064662263537e-05
2023-12-12,26.205295441322384,0.0008287799606453896
2023-12-13,26.243032227924367,0.0014390084409133387
2023-12-14,26.284019259526143,0.0015606069162366221
2023-12-15,26.339697035513865,0.0021160723979108025
2023-12-18,26.36408442468931,0.0009254512765625809
2023-12-19,26.37274526329744,0.00032845503748464886
2023-12-20,26.30286518297445,-0.002653224926107242
2023-12-21,26.129063838521017,-0.006629623752992967
2023-12-22,25.97026743381859,-0.00609592839555305
2023-12-25,26.019947600193163,0.0019111358344341234
2023-12-26,26.094419594682307,0.0028580235812179287
2023-12-27,26.067629256973724,-0.0010271966172337038
2023-12-28,26.086341853684676,0.0007175905157531339
2023-12-29,26.09142201435001,0.0001947251206177137
2024-01-01,26.05711630121154,-0.0013156924123015564
2024-01-02,26.020199198439247,-0.0014177807977244035
2024-01-03,25.89512921128004,-0.004818238965371117
2024-01-04,25.966545792630537,0.002754119549257845
2024-01-05,25.958829906868857,-0.00029719133331378524
2024-01-08,25.947825659744986,-0.00042400139899622123
2024-01-09,25.879395744841524,-0.0026406954806354375
2024-01-10,25.975762266790976,0.0037167617101576517
2024-01-11,26.01678574420932,0.001578052528715742
2024-01-12,26.084948146386175,0.0026165133470390763
2024-01-15,26.105510234463157,0.0007879635388840412
2024-01-16,26.234429308821408,0.0049262317151237975
2024-01-17,26.244944732619842,0.0004007450214958572
2024-01-18,26.210825929273874,-0.001300860047498207
2024-01-19,26.21360219081154,0.00010591480497976358
2024-01-22,26.334569990728472,0.004604080735068073
2024-01-23,26.346023925049366,0.00043484454710941944
2024-01-24,26.44795714423962,0.003861551782651441
2024-01-25,26.41917621015423,-0.0010888026303886513
2024-01-26,26.503004306374677,0.0031679785493003492
2024-01-29,26.378351731458423,-0.004714433030161819
2024-01-30,26.361664006784963,-0.0006328297402564323
2024-01-31,26.398036455577127,0.0013787968557690158
2024-02-01,26.42891894115144,0.0011691943577083557
2024-02-02,26.3178758810049,-0.004210425470043096
2024-02-05,26.22043689722786,-0.003709258647378891
2024-02-06,26.0577552045509,-0.006223712460345991
2024-02-07,26.055545133414327,-8.481793030061796e-05
2024-02-08,26.067438650924068,0.00045636365582490593
2024-02-09,26.020721687871617,-0.0017937656187105595
2024-02-12,25.943684675261167,-0.0029649937116314725
2024-02-13,25.99621683294775,0.0020228061306826065
2024-02-14,25.998569283590108,9.04879438753783e-05
2024-02-15,25.948233983668597,-0.001937956236349043
2024-02-16,25.989473306499036,0.001588030494554722
2024-02-19,26.14497171433041,0.005965302551294046
2024-02-20,26.118287333802726,-0.0010211526541761852
2024-02-21,26.081464950824284,-0.0014108262002994233
2024-02-22,26.10934479165338,0.0010683813345144266
2024-02-23,26.151199857953277,0.0016017848849273297
2024-02-26,26.04723560612917,-0.003983429325903253
2024-02-27,25.98293471504779,-0.00247167839044165
2024-02-28,25.87070516661671,-0.004328711501494696
2024-02-29,25.967522670431297,0.0037353752405920666
2024-03-01,26.05900434860758,0.003516735700061574
2024-03-04,26.07267199262582,0.00052435084734002
2024-03-05,26.006289464287523,-0.00254930445741028
2024-03-06,25.90798923605482,-0.003787025387818353
2024-03-07,25.995629598411178,0.0033770456710003707
2024-03-08,26.127480631343538,0.005059226649630809
2024-03-11,26.157532133642395,0.001149526566748153
2024-03-12,26.174614051954883,0.0006528269969506154
2024-03-13,26.096053892882516,-0.0030059006824781904
2024-03-14,26.21858835344884,0.004684527290546309
2024-03-15,26.24275638547005,0.0009213653920310178
2024-03-18,26.275871756137487,0.0012610906349989697
2024-03-19,26.373307713386247,0.003701332840084511
2024-03-20,26.271767873124062,-0.0038575295047005133
2024-03-21,26.242375522176975,-0.0011194071583750123
2024-03-22,26.356666261442864,0.004345741491090879
2024-03-25,26.217540481761727,-0.005292561240809779
2024-03-26,26.28670269588776,0.002634539608367923
2024-03-27,26.288101709557147,5.321992865335604e-05
2024-03-28,26.182296110696804,-0.004032968937342831
2024-03-29,26.18177358269512,-1.9957501575472805e-05
2024-04-01,26.2890921127393,0.004090600689302255
2024-04-02,26.287080265741807,-7.653075176319506e-05
2024-04-03,26.284337275536046,-0.00010435291025192872
2024-04-04,26.34516998031614,0.00231173480594416
2024-04-05,26.391402385520845,0.0017533341654398231
2024-04-08,26.41492387317457,0.0008908587616605191
2024-04-09,26.411899723408656,-0.00011449296260224042
2024-04-10,26.443657622291624,0.0012016864185888673
2024-04-11,26.327670404039527,-0.004395849388794519
2024-04-12,26.249509686390468,-0.002973182475431164
2024-04-15,26.24411315334008,-0.00020560718721505976
2024-04-16,26.256013227063974,0.0004533350583376426
2024-04-17,26.221549171996767,-0.0013134779302431648
2024-04-18,26.24313330538491,0.0008228062607707913
2024-04-19,26.218862780368298,-0.0009252612770760413
2024-04-22,26.22819579429885,0.0003559022863323427
2024-04-23,26.188831832228143,-0.0015019535159892866
2024-04-24,26.230440484918258,0.0015875329660090072
2024-04-25,26.229268164639887,-4.469412083066617e-05
2024-04-26,26.322533496600286,0.0035494665046946943
2024-04-29,26.272569243035157,-0.0018999589692878386
2024-04-30,26.239200349808673,-0.0012709111872140156
2024-05-01,26.277552996475833,0.0014605873760877462
2024-05-02,26.20867122232677,-0.0026247578186539863
2024-05-03,26.236119527185565,0.001046750572277923
2024-05-06,26.20190702394909,-0.0013048739756662392
2024-05-07,26.125559174843158,-0.002918081414158483
2024-05-08,26.169265085977795,0.0016715199612400622
2024-05-09,26.241992244906427,0.0027752513223758806
2024-05-10,26.25990799464838,0.0006824800761727136
2024-05-13,26.220959277899034,-0.0014843018389121892
2024-05-14,26.271723730923874,0.0019341540931304105
2024-05-15,26.472775642351476,0.007623653180085808
2024-05-16,26.342805071061203,-0.0049216853016041395
2024-05-17,26.381437224683005,0.001465442037790347
2024-05-20,26.346849502343716,-0.0013119230472711577
2024-05-21,26.330653709276607,-0.0006149036150159866
2024-05-22,26.220791156866465,-0.004181149071787825
2024-05-23,26.184492844402172,-0.0013852923025177483
2024-05-24,26.14680652210976,-0.0014402978432985782
2024-05-27,26.246191212504684,0.0037938203155529785
2024-05-28,26.229490649421365,-0.0006365067800779084
2024-05-29,26.125800155394604,-0.003961037289890037
2024-05-30,26.146753406474456,0.0008016923136265302
2024-05-31,26.075296086576422,-0.0027366740750054993
2024-06-03,26.04576631946986,-0.0011331223464371206
2024-06-04,25.998363977405255,-0.0018216215700851035
2024-06-05,25.947200016633992,-0.001969907471692153
2024-06-06,25.75690596937915,-0.007360920486010174
2024-06-07,25.81466372194556,0.0022399076491390587
2024-06-10,25.82197919933202,0.00028334442448391296
2024-06-11,25.908006320363867,0.003326009063124789
2024-06-12,25.787609645913445,-0.004657914984814144
2024-06-13,25.781863442289765,-0.0002228529129096552
2024-06-14,25.81784502273579,0.0013946430066564717
2024-06-17,25.85236672546899,0.0013362324907054545
2024-06-18,25.79420126726983,-0.002252443291070489
2024-06-19,25.755350053388877,-0.0015073349909607528
2024-06-20,25.856369515654844,0.003914598936521072
2024-06-21,25.858298769148004,7.461146162363585e-05
2024-06-24,25.970437489752197,0.004327286508816939
2024-06-25,25.989768330493025,0.0007440633202857451
2024-06-26,25.942919957703086,-0.0018041964335857982
2024-06-27,25.93849501773825,-0.00017057900127279423
2024-06-28,25.84831518111913,-0.003482737300310157
2024-07-01,25.897466400070027,0.0018997194449846056
2024-07-02,25.908911983720653,0.0004418600254994001
2024-07-03,25.91092660692758,7.775490093107665e-05
2024-07-04,26.019035991613418,0.004163667195553761
2024-07-05,26.061735438038937,0.0016397397665480072
2024-07-08,26.083090056600458,0.0008190503871767648
2024-07-09,26.16998291897717,0.0033258500418843822
2024-07-10,26.082812472461917,-0.00333649240116845
2024-07-11,26.095555655821876,0.0004884469971153393
2024-07-12,26.135977084563113,0.0015477790786525866
2024-07-15,26.21076140357174,0.002857269508921697
2024-07-16,26.24635064027446,0.0013568891148026442
2024-07-17,26.251491629790866,0.00019585526987547162
2024-07-18,26.110744561726868,-0.005375912767362964
2024-07-19,26.07531772274601,-0.001357712878578541
2024-07-22,26.186275217194847,0.004246241070192549
2024-07-23,26.24543928772336,0.0022568056832863435
2024-07-24,26.170269018741557,-0.0028682363720582793
2024-07-25,26.07894423608566,-0.0034957416568605444
2024-07-26,26.04761975176297,-0.001201862762357005
2024-07-29,26.097157764238567,0.0019000187454389144
2024-07-30,26.258054170297072,0.006146357034486547
2024-07-31,26.21499072236505,-0.001641355392583867
2024-08-01,26.20399524569423,-0.0004195226835859667
2024-08-02,26.16377463263455,-0.0015360830167746383
2024-08-05,26.255304895113493,0.0034922534438806448
2024-08-06,26.258341367602053,0.00011564508306105136
2024-08-07,26.299818801262713,0.0015783445287283044
2024-08-08,26.34144103250475,0.0015813542474906923
2024-08-09,26.334013505403956,-0.00028201093716891356
2024-08-12,26.367245526027165,0.0012611472909211973
2024-08-13,26.42546819230854,0.0022057093028856572
2024-08-14,26.508292030086256,0.003129341464477784
2024-08-15,26.42333653929595,-0.0032100113310742557
2024-08-16,26.529518367280705,0.00401043420557408
2024-08-19,26.534493710610562,0.00018752232066921262
2024-08-20,26.34474402452216,-0.007176748706969891
2024-08-21,26.40087168612743,0.0021282406901304606
2024-08-22,26.394923114520946,-0.00022534263018935823
2024-08-23,26.35881330654832,-0.0013689954896842858
2024-08-26,26.378179598888668,0.0007344481413877063
2024-08-27,26.47535382351719,0.003677117794358864
2024-08-28,26.563588410250563,0.0033271654529267256
2024-08-29,26.65473623898905,0.0034254335687389885
2024-08-30,26.76061188291787,0.003964245719873731
2024-09-02,26.97410942002967,0.007946395007884117
2024-09-03,26.967281069781347,-0.0002531766505384773
2024-09-04,26.98548725914262,0.0006748936381289982
2024-09-05,27.106801089794143,0.00448544654883042
2024-09-06,27.051508261153096,-0.0020418971166173035
2024-09-09,27.033424170554856,-0.000668729365429302
2024-09-10,27.062906670155385,0.0010900000817563712
2024-09-11,26.96486208801412,-0.003629418427620426
2024-09-12,26.834586273695052,-0.004843026198966286
2024-09-13,26.957668953539933,0.0045762310623912675
2024-09-16,26.950985297616715,-0.0002479622632137493
2024-09-17,27.03780593228265,0.003216249429904413
2024-09-18,27.095046962198243,0.0021148359337913865
2024-09-19,26.940970388471275,-0.00570275156631283
2024-09-20,26.97729370009586,0.0013473474242371036
2024-09-23,26.832511532033685,-0.0053812689647029
2024-09-24,26.92777099307891,0.0035438638439983057
2024-09-25,26.987255004512704,0.002206584693927866
2024-09-26,27.037179116995045,0.0018482054464917731
2024-09-27,26.96259415796971,-0.0027624192448035675
2024-09-30,26.98524970916619,0.0008399057646909032
2024-10-01,27.070690280339704,0.003161193472604579
2024-10-02,27.106747428082134,0.001331076351754231
2024-10-03,27.01236577323156,-0.003487926721335952
2024-10-04,27.11463161271391,0.0037787413345684836
2024-10-07,27.13485459810265,0.0007455549439455858
2024-10-08,27.050512410641616,-0.0031131008326859538
2024-10-09,27.033343852323288,-0.0006348866401665874
2024-10-10,26.773311366543112,-0.009665514762786976
2024-10-11,26.813374417752765,0.0014952616713547419
2024-10-14,26.83761595223662,0.0009036752524557831
2024-10-15,26.773486347350616,-0.0023924013020749082
2024-10-16,26.73582204422591,-0.0014077666289149667
2024-10-17,26.75396688482812,0.0006784413123131534
2024-10-18,26.85491191011667,0.0037659860404957216
2024-10-21,26.858200008852755,0.00012243188386309886
2024-10-22,26.97015184399415,0.004159592211376464
2024-10-23,26.812846595232898,-0.005849644009679147
2024-10-24,26.882132203673965,0.002580712328968353
2024-10-25,26.832498144824385,-0.0018480653279753622
2024-10-28,26.829986755769465,-9.359943213228164e-05
2024-10-29,26.80648330048478,-0.0008763983447979621
2024-10-30,26.855646287747213,0.0018323164359893376
2024-10-31,26.77174316774619,-0.00312911701701285
2024-11-01,26.87285523163344,0.0037697060521824843
2024-11-04,26.831837242401015,-0.0015275386681757044
2024-11-05,26.893203412727292,0.002284454186195764
2024-11-06,27.00015079348759,0.0039688574860560445
2024-11-07,26.94299528985973,-0.0021191023945124937
2024-11-08,26.946863658073248,0.0001435657207380263
2024-11-11,26.98866539536506,0.00155006343296025
2024-11-12,26.999572130402946,0.0004040411647467284
2024-11-13,27.007331341852197,0.0002873414694705282
2024-11-14,26.881099029191695,-0.004684959004335397
2024-11-15,26.941235719606492,0.0022346379331323746
2024-11-18,26.842971587792025,-0.0036540183844979276
2024-11-19,26.92157565317876,0.0029240131434144943
2024-11-20,26.89452730969637,-0.0010052138401267523
2024-11-21,26.89140610937077,-0.00011606009715535273
2024-11-22,26.827803429298573,-0.0023679689384196014
2024-11-25,26.939454145835217,0.004153117791565916
2024-11-26,27.007542254847397,0.0025242608378281337
2024-11-27,26.861011710268603,-0.0054403133256182385
2024-11-28,26.901718874143093,0.0015143267914812368
2024-11-29,26.93164063563262,0.0011116439636435131
2024-12-02,26.96055791650914,0.0010731528654849042
2024-12-03,26.92756332091041,-0.0012245592892890958
2024-12-04,26.974964085305892,0.0017587589634429045
2024-12-05,26.973814919551945,-4.260210426705359e-05
2024-12-06,27.027315544482068,0.0019814637943649295
2024-12-09,27.050103459369982,0.0008427886040615949
2024-12-10,26.99696795719201,-0.0019662682141593215
2024-12-11,27.033420860209763,0.0013493483702992182
2024-12-12,27.151856668230767,0.004371519424980354
2024-12-13,26.908954855934756,-0.008986304128495505
2024-12-16,26.666427101691593,-0.009053763204603504
2024-12-17,26.583376969848754,-0.003119267784343305
2024-12-18,26.69640897603968,0.00424296658698033
2024-12-19,26.66400963614836,-0.001214358684414144
2024-12-20,26.706759429372376,0.0016019931177768249
2024-12-23,26.71441848485183,0.0002867422932614986
2024-12-24,26.683471376838586,-0.0011591136488089473
2024-12-25,26.79110161004455,0.004025478747565226
2024-12-26,26.912219782737164,0.004510647569150183
2024-12-27,27.0246335637037,0.004168353797424967
2024-12-30,27.056302548594978,0.00117117013083455
2024-12-31,27.02895801791824,-0.0010111639555840898
2025-01-01,27.042448811342652,0.0004989991751813528
2025-01-02,27.09361703049253,0.0018903565891405703
2025-01-03,27.11943793058383,0.0009525713709478019
2025-01-06,27.047320603226545,-0.00266279068275109
2025-01-07,27.12106325355391,0.002722720916988712
2025-01-08,27.123105811602628,7.530977374657302e-05
2025-01-09,27.161482067308274,0.0014138916255339354
2025-01-10,27.249446120081917,0.003233325816642341
2025-01-13,27.256605420217166,0.00026269744272805674
2025-01-14,27.330901822010436,0.002722104430989935
2025-01-15,27.368124371175558,0.0013609951584620356
2025-01-16,27.574842198067344,0.0075248504120022375
2025-01-17,27.547330805985403,-0.0009981970182589106
2025-01-20,27.59642206553217,0.001780483552866646
2025-01-21,27.599915532363756,0.00012658328390191418
2025-01-22,27.695468752989335,0.0034561045907560233
2025-01-23,27.71548501780017,0.0007224660223055936
2025-01-24,27.693989599954474,-0.0007758752116783513
2025-01-27,27.705260191169558,0.0004068860648138215
2025-01-28,27.755612754625403,0.0018157874052857803
2025-01-29,27.663852782838607,-0.0033114738566718425
2025-01-30,27.76629813467561,0.003696380644315912
2025-01-31,27.90741656938098,0.005069492405208819
2025-02-03,27.983296067711557,0.0027152827856529124
2025-02-04,27.89235222698982,-0.003255225623485125
2025-02-05,27.957770062894273,0.002342622115740416
2025-02-06,27.958169358628048,1.4282000371075996e-05
2025-02-07,28.035514896142413,0.002762653957751794
2025-02-10,28.180917448904978,0.005172967082388598
2025-02-11,28.306737775646457,0.004454797577238026
2025-02-12,28.355742342873352,0.0017297011829458253
2025-02-13,28.282053744631263,-0.0026021012437208784
2025-02-14,28.369382191232173,0.0030830115540541607
2025-02-17,28.397295822455767,0.000983451364430899
2025-02-18,28.361105133422114,-0.0012752541766091923
2025-02-19,28.283073461362775,-0.0027551541343114475
2025-02-20,28.200879275258387,-0.002910357371916731
2025-02-21,28.317476707390142,0.004126008108935198
2025-02-24,28.129884294928516,-0.006646656274170186
2025-02-25,28.022389234977812,-0.003828703078506749
2025-02-26,27.88722205693761,-0.004835213061204344
2025-02-27,27.81796563776262,-0.002486535194463698
2025-02-28,27.611714571737487,-0.007441934253792451
2025-03-03,27.66950493809333,0.00209077831205973
2025-03-04,27.725417862179807,0.002018702806967324
2025-03-05,27.666123502178028,-0.0021409183131364563
2025-03-06,27.746874841221455,0.0029145290317881866
2025-03-07,27.743542724742507,-0.00012009700518088885
2025-03-10,27.68762763206714,-0.002017460980190943
2025-03-11,27.54446157193782,-0.005184174013066141
2025-03-12,27.66266906974541,0.004282333715884322
2025-03-13,27.76428923696071,0.0036668178872300778
2025-03-14,27.72673970166812,-0.001353355370841741
2025-03-17,27.600973435405148,-0.004546238250104537
2025-03-18,27.36226886369488,-0.008686025879099784
2025-03-19,27.343948037010335,-0.0006697895927520461
2025-03-20,27.240978201356437,-0.003772834915853155
2025-03-21,27.305868878395653,0.002379265205044567
2025-03-24,27.48765340370301,0.006635280401300708
2025-03-25,27.433618995314962,-0.001967704805888445
2025-03-26,27.39730954373008,-0.0013244151744206075
2025-03-27,27.4536931599486,0.002055883513475113
2025-03-28,27.256084169158882,-0.007223931801275002
2025-03-31,27.27259636638351,0.0006056334966174651
2025-04-01,27.240662247843968,-0.0011716093663907694
2025-04-02,27.29652479322259,0.0020486045557669584
2025-04-03,27.38312783447316,0.003167654127396882
2025-04-04,27.403834916218646,0.0007559127825982629
2025-04-07,27.24486278713693,-0.005817982282540219
2025-04-08,27.184372627059297,-0.002222709340717104
2025-04-09,27.185684878937007,4.827112341463155e-05
2025-04-10,27.14763304503645,-0.0014006816287195803
2025-04-11,27.242894133182386,0.0035028594313284284
2025-04-14,26.997193882225528,-0.0090597910339181
2025-04-15,27.079421739802594,0.00304116372691294
2025-04-16,27.195440046326688,0.004275219850089672
2025-04-17,27.10133073746649,-0.0034664825086424505
2025-04-18,26.916048302547097,-0.006860131492836893
2025-04-21,26.961487330477883,0.0016867526760551434
2025-04-22,26.92958801485674,-0.0011838442318054289
2025-04-23,26.968915180152884,0.0014593048023251586
2025-04-24,26.968412901874785,-1.8624514634776244e-05
2025-04-25,26.994079164063635,0.0009512631141251885
2025-04-28,27.022339281416894,0.0010463529698911144
2025-04-29,27.032920083280743,0.00039148094462359976
2025-04-30,26.869666311843,-0.006057381715030169
2025-05-01,26.903517725741462,0.001259044595408565
2025-05-02,26.789589213918546,-0.004243698653121648
2025-05-05,26.949392639004355,0.005947410636325012
2025-05-06,27.064918032496845,0.0042775911868965025
2025-05-07,27.139129260670224,0.0027382189429757385
2025-05-08,27.195176639483396,0.0020630575016552634
2025-05-09,27.2459053846535,0.0018636205588161933
2025-05-12,27.214896732284178,-0.0011387513409597718
2025-05-13,27.40832371578827,0.007082255144048135
2025-05-14,27.435844738184034,0.0010036080583063908
2025-05-15,27.417505453014382,-0.0006686660263791461
2025-05-16,27.332410650631434,-0.003108493198145572
2025-05-19,27.215979706065312,-0.00426891135084525
2025-05-20,27.141328612634236,-0.002746682743218255
2025-05-21,26.944597867426264,-0.007274780174177178
2025-05-22,26.992936587822467,0.0017923968466796514
2025-05-23,26.948760051463783,-0.001637936846170597
2025-05-26,26.778034890632018,-0.006355329241239873
2025-05-27,26.70796806185258,-0.0026200076652754993
2025-05-28,26.579062221261303,-0.004838178872358039
2025-05-29,26.640555040691794,0.002310909020395858
2025-05-30,26.65767070207799,0.0006422601028840674
2025-06-02,26.605772688112037,-0.0019487298261786417
2025-06-03,26.52586547289628,-0.003007898052003484
2025-06-04,26.60245122900387,0.002883050467628122
2025-06-05,26.643856678333975,0.0015552423934461523
2025-06-06,26.67526529047682,0.0011781370216173875
2025-06-09,26.65592614090831,-0.0007252472670169705
2025-06-10,26.61496869912704,-0.0015377045936511328
2025-06-11,26.536798316287996,-0.0029414050967044576
2025-06-12,26.623907473644838,0.0032772038679929434
2025-06-13,26.67206300081619,0.0018070987298814943
2025-06-16,26.70751288186004,0.0013282191051267535
2025-06-17,26.713025412986486,0.00020638246344838288
2025-06-18,26.8050644588492,0.0034395523764863987
2025-06-19,27.05663181134692,0.009341301861172047
2025-06-20,27.049159887460227,-0.000276196824761203
2025-06-23,27.058462723179794,0.0003438641493521119
2025-06-24,26.887595006268626,-0.00633478313356693
2025-06-25,26.667387201756004,-0.008223662354515078
2025-06-26,26.650311597385034,-0.0006405229535167277
2025-06-27,26.508722547274207,-0.005327011192439761
2025-06-30,26.62307239030255,0.004304391361772822
2025-07-01,26.508217219856242,-0.004323454228102106
2025-07-02,26.485423389818205,-0.0008602478026217737
2025-07-03,26.397923197321,-0.0033091806019450456
2025-07-04,26.425973741685336,0.0010620400472651811
2025-07-07,26.412110860836663,-0.000524730647260899
2025-07-08,26.470461628547554,0.0022068060854359907
2025-07-09,26.44474565615208,-0.0009719691460965906
2025-07-10,26.45016519369565,0.00020491716406967892
2025-07-11,26.385610251905856,-0.002443608459155276
2025-07-14,26.389632480635626,0.0001524286210464265
2025-07-15,26.480988424971226,0.0034558336441352783
2025-07-16,26.50713730361496,0.0009869713414789062
2025-07-17,26.416456416150986,-0.0034268638931029766
2025-07-18,26.397580496839257,-0.0007148069421978234
2025-07-21,26.384676017925802,-0.0004889703480923972
2025-07-22,26.405695384111954,0.0007963333743895463
2025-07-23,26.372621087157455,-0.0012533291508843713
2025-07-24,26.408121390993344,0.0013451993102947082
2025-07-25,26.482927697359617,0.002828696255264784
2025-07-28,26.540518572353637,0.0021722804416646935
2025-07-29,26.605136161264046,0.0024317179297523228
2025-07-30,26.558223284941256,-0.001764857939309811
2025-07-31,26.49324606212145,-0.00244959305032911
2025-08-01,26.336385550317726,-0.005938370871794093
2025-08-04,26.444706234328024,0.004104531847392387
2025-08-05,26.366517304777066,-0.002961074614105587
2025-08-06,26.18894049747396,-0.006757718056626719
2025-08-07,26.181498507648236,-0.00028420574725725384
2025-08-08,26.330949151555497,0.005692023665813404
2025-08-11,26.362173472946733,0.0011851385338626213
2025-08-12,26.387811568029893,0.0009720608292886209
2025-08-13,26.40531888875776,0.0006632424036296116
2025-08-14,26.293058412650556,-0.004260497255019069
2025-08-15,26.329380780382138,0.0013804899224376217
2025-08-18,26.378826843626648,0.0018762192826675965
2025-08-19,26.451144000896075,0.00273773395224723
2025-08-20,26.39754877686403,-0.002028252340348032
2025-08-21,26.346186787670362,-0.0019476059053957543
2025-08-22,26.45648882542648,0.004177901855070777
2025-08-25,26.483412424995706,0.0010171383495055837
2025-08-26,26.54604342005578,0.0023621220766250534
2025-08-27,26.640106149318616,0.003537117392185617
2025-08-28,26.666729135031037,0.0009988583184101167
2025-08-29,26.77905208611838,0.004203254733737059
2025-09-01,26.803210558322384,0.0009017339936276412
2025-09-02,26.834902551341337,0.0011816969266637398
2025-09-03,26.887110489571306,0.0019436335948824675
2025-09-04,26.969466917561732,0.003058363384729367
2025-09-05,26.826419901588007,-0.005318152058772481
2025-09-08,26.84233062735523,0.0005929232962028662
2025-09-09,26.933561674159552,0.0033930123862126785
2025-09-10,26.96901545487086,0.0013154764655911927
2025-09-11,26.9101355751851,-0.0021856284666354237
2025-09-12,27.086771372641888,0.006542464652080857
2025-09-15,27.04914587976897,-0.001390038290321741
2025-09-16,27.10535349501579,0.002075825132876811
2025-09-17,26.936262670147112,-0.006257820867377654
2025-09-18,26.95775030464364,0.0007974034386773161
2025-09-19,27.029645086354392,0.002663392952737628
2025-09-22,26.934383353319504,-0.003530567852018853
2025-09-23,26.85068066970125,-0.003112490529176337
2025-09-24,26.7722642856746,-0.0029247345512332244
2025-09-25,26.826058056988337,0.002007293774312766
2025-09-26,26.84175030222763,0.00058479174634708
2025-09-29,26.728170566589597,-0.004240435826242679
2025-09-30,26.744672188759687,0.0006171963876850175
2025-10-01,26.58548405924999,-0.005969928216914844
2025-10-02,26.560197230234383,-0.0009516043565638375
2025-10-03,26.622444610006916,0.0023408919167518783
2025-10-06,26.584768080559886,-0.0014162191116225608
2025-10-07,26.641139709916732,0.002118203437921238
2025-10-08,26.71631638825448,0.002817852783055273
2025-10-09,26.67649962165578,-0.0014914655923840012
2025-10-10,26.66172235603932,-0.0005540966851396999
2025-10-13,26.737636979510935,0.0028432803523827394
2025-10-14,26.71027581272672,-0.0010238442530281291
2025-10-15,26.57313623004512,-0.005147563950737478
2025-10-16,26.690435614233035,0.004404495220886454
2025-10-17,26.718332740192714,0.0010446647378806022
2025-10-20,26.68823281652054,-0.0011271994948725682
2025-10-21,26.728190069901547,0.0014960665156748413
2025-10-22,26.784115130499984,0.00209017648369369
2025-10-23,26.738899780086,-0.0016895670487036486
2025-10-24,26.72577627754701,-0.0004909223723122537
2025-10-27,26.693191526131034,-0.00121996949013019
2025-10-28,26.646391786922006,-0.0017547850324756266
2025-10-29,26.686153648143076,0.0014910921000966056
2025-10-30,26.62027563675824,-0.0024716735225715734
2025-10-31,26.737096298977775,0.004378808199914413
2025-11-03,26.76554519461251,0.0010634577105623872
2025-11-04,26.726006742276446,-0.001478306689747624
2025-11-05,26.601498406973477,-0.004669581342548744
2025-11-06,26.72335446256942,0.00457033676228014
2025-11-07,26.770328420589262,0.001756243637077019
2025-11-10,26.898236159022844,0.004766588471716148
2025-11-11,26.900051098994837,6.74720354562968e-05
2025-11-12,26.902671812039017,9.741934625097702e-05
2025-11-13,26.86628094982804,-0.0013536015078641956
2025-11-14,26.690538053781594,-0.006562881444672114
2025-11-17,26.634639239321945,-0.002096526923007353
2025-11-18,26.644872664755912,0.00038414111518983565
2025-11-19,26.66123470553871,0.0006138899313354936
2025-11-20,26.65244867006856,-0.00032959776903036624
2025-11-21,26.6987851694253,0.0017370361535423602
2025-11-24,26.71105692686258,0.00045953169571647353
2025-11-25,26.78784490566295,0.0028706395421779834
2025-11-26,26.779740153111977,-0.000302599141026424
2025-11-27,26.692333202283223,-0.0032692590054868875
2025-11-28,26.67831386732616,-0.0005253575157604906
2025-12-01,26.72775585626537,0.001851549957523971
2025-12-02,26.778845530834893,0.0019096593231946457
2025-12-03,26.807970825128855,0.0010870321897255807
2025-12-04,26.910075663948554,0.003801514331111629
2025-12-05,26.965088970635122,0.002042251793770349
2025-12-08,26.776694672977044,-0.007011120830292068
2025-12-09,26.868866608780934,0.003436333754434784
2025-12-10,26.90094601901738,0.0011932127889158312
2025-12-11,26.943746825795188,0.0015897877220998177
2025-12-12,27.011678884863105,0.00251808206748855
2025-12-15,27.084009359657944,0.0026741694299892665
2025-12-16,26.941208258903476,-0.0052864732292988515
2025-12-17,27.011341715708742,0.002599821374201838
2025-12-18,26.950000285155394,-0.0022735334111945033
2025-12-19,27.008931984508838,0.0021843176025197137
2025-12-22,27.01635953138286,0.00027496554715048763
2025-12-23,27.076084347298035,0.0022082507612028405
2025-12-24,26.9589977278644,-0.0043337327598898245
2025-12-25,26.948054916257945,-0.00040598813031019924
2025-12-26,26.798283584710102,-0.005573280837402177
2025-12-29,26.68957275022675,-0.004064884690496303
2025-12-30,26.63913368598433,-0.0018916295801436403
2025-12-31,26.690715996550683,0.0019344636056219022
2026-01-01,26.74614919162178,0.002074718071879324
2026-01-02,26.775705145879943,0.001104444441560004
2026-01-05,26.797772940855577,0.0008238328744690767
2026-01-06,26.805766210861915,0.00029823665347782107
2026-01-07,26.787738656909486,-0.0006727514715389945
2026-01-08,26.835785473157983,0.00179200564996898
2026-01-09,26.893389667003717,0.0021442434493517534
2026-01-12,26.98091585149531,0.003249276650759364
2026-01-13,27.155149675032142,0.00643690757497636
2026-01-14,27.056278075389812,-0.0036476334740074014
2026-01-15,27.06746210332739,0.00041327624660933004
2026-01-16,27.29971076545717,0.008543761341221878
2026-01-19,27.33251383856979,0.0012008691680577275
2026-01-20,27.255321908112787,-0.00282817520985181
2026-01-21,27.305954330620793,0.0018559843366136991
2026-01-22,27.390862997897724,0.0031047047937427757
2026-01-23,27.391198506637668,1.2248854122486329e-05
2026-01-26,27.298925396044837,-0.003374400771637488
2026-01-27,27.27096753361698,-0.0010246626252337374
2026-01-28,27.317546463315413,0.0017065473152606029
2026-01-29,27.295113603149744,-0.000821526049089638
2026-01-30,27.327742160495703,0.0011946852932027182
2026-02-02,27.369902740843553,0.0015415869832571811
2026-02-03,27.26527689184015,-0.0038299856466595117
2026-02-04,27.3026877691433,0.0013711665222230923
2026-02-05,27.343726440248325,0.0015019715168414335
2026-02-06,27.480955282753417,0.005006107642926746
2026-02-09,27.53775425093284,0.002064715397322013
2026-02-10,27.480077005653154,-0.0020966753902029833
2026-02-11,27.25421886410544,-0.008252939766904686
2026-02-12,27.319438241730605,0.002390142502172778
2026-02-13,27.240367639125513,-0.002898494841992612
2026-02-16,27.223702751539655,-0.0006119589662100657
2026-02-17,27.235748881167094,0.0004423889504118019
2026-02-18,27.311547293828585,0.002779183085677949
2026-02-19,27.143249051182345,-0.006181228828236012
2026-02-20,27.111318257485824,-0.001177073155944249
2026-02-23,27.18781661453353,0.00281766580036962
2026-02-24,27.315251367076165,0.004676249961079622
2026-02-25,27.38381365370846,0.002506891937290616
2026-02-26,27.50595532677843,0.004450442293265991
2026-02-27,27.508529410681216,9.357840637602657e-05
2026-03-02,27.58195289362827,0.0026655612131189885
2026-03-03,27.56481732956335,-0.0006214530623298184
2026-03-04,27.56770376362061,0.00010470894501682447
2026-03-05,27.58586181680381,0.0006584543954019096
2026-03-06,27.664435140169623,0.0028442698289082237
2026-03-09,27.74673497297154,0.002970516347207833
2026-03-10,27.97483421379462,0.008187153314780427
2026-03-11,28.082106171384144,0.0038272544949691932
2026-03-12,27.974112070597098,-0.0038530688577237144
2026-03-13,28.113192186881857,0.004959425424081461
2026-03-16,28.24382967767902,0.004636076231844712
2026-03-17,28.309001667743974,0.0023048189583075957
2026-03-18,28.32439786495741,0.0005437144059783402
2026-03-19,28.40655043059583,0.0028962189257135643
2026-03-20,28.443211669936755,0.0012897589389448487
2026-03-23,28.216351181286857,-0.00800788744360342
2026-03-24,28.124379900947797,-0.003264826716536986
2026-03-25,28.284245835045297,0.005668153053731024
2026-03-26,28.28204137128962,-7.794267100304736e-05
2026-03-27,28.34652983637511,0.002277595623118155
2026-03-30,28.412563575032827,0.002326808427735307
2026-03-31,28.379120702193653,-0.0011777385062768052
2026-04-01,28.23494953773779,-0.005093132343062214
2026-04-02,28.128964398531284,-0.0037607489160771954
2026-04-03,28.169262385581312,0.001431590166665516
2026-04-06,28.085717223073082,-0.0029702339067954955
2026-04-07,27.941264855144674,-0.005156540033080061
2026-04-08,27.987656147618026,0.0016589378904848413
2026-04-09,28.04841835265021,0.0021686825634634503
2026-04-10,28.139983887624357,0.0032592354428601297
2026-04-13,28.10376980462643,-0.001287755017227386
2026-04-14,28.13026799521838,0.0009424253918060875
2026-04-15,28.049217482454193,-0.0028854151407055107
2026-04-16,28.131205579327492,0.002918744666209575
2026-04-17,27.93446001109732,-0.007018426474400613
2026-04-20,28.025460527558412,0.0032523490312487313
2026-04-21,28.236442177737295,0.007500017916717422
2026-04-22,28.35676312493648,0.0042521404414607505
2026-04-23,28.3002736087312,-0.0019940871665947183
2026-04-24,28.314029125230647,0.00048593786749488716
2026-04-27,28.318380292328058,0.00015366349942461842
2026-04-28,28.32833442404413,0.0003514460412529312
2026-04-29,28.436828636935104,0.0038225678973003406
2026-04-30,28.40895912864635,-0.0009805303652959034
2026-05-01,28.476904097348722,0.0023888184923147476
2026-05-04,28.305535216048018,-0.006035999991088305
2026-05-05,28.21618584155679,-0.0031615968956753846
2026-05-06,28.259635723976693,0.0015387077084740859
2026-05-07,28.28664651575981,0.0009553517142996123
2026-05-08,28.371795175456963,0.0030056853404114344
2026-05-11,28.428776697722565,0.002006372101600966
2026-05-12,28.37728072141809,-0.0018130457472414349
2026-05-13,28.334633106913213,-0.0015040092871210027
2026-05-14,28.389340343449945,0.001928893558442964
2026-05-15,28.51859770724189,0.004542690896892118
2026-05-18,28.622323572249623,0.0036305322566481035
2026-05-19,28.649952408602367,0.000964824184925149
2026-05-20,28.530439011042542,-0.004180229222890196
2026-05-21,28.497015543488775,-0.001172188786678843
2026-05-22,28.4690018948803,-0.0009835214791678658
2026-05-25,28.386918090608653,-0.0028874341079063335
2026-05-26,28.466347255892874,0.00279418311256005
2026-05-27,28.513981931528683,0.0016719695169170397
2026-05-28,28.49332404416964,-0.0007247452904395143
2026-05-29,28.407412725540375,-0.0030196931986719707
2026-06-01,28.340688294570704,-0.00235160156971698
2026-06-02,28.384960932469376,0.0015609392749575612
2026-06-03,28.41506473996623,0.0010599928418746
2026-06-04,28.380812222167027,-0.0012061622703586124
2026-06-05,28.404914214603387,0.0008488750746369059
2026-06-08,28.514276942634094,0.003842741275272775
2026-06-09,28.62194111579405,0.0037686883818407696
2026-06-10,28.722807230304927,0.003517888610297955
2026-06-11,28.75405024956527,0.0010871513756109052
2026-06-12,28.803833853527607,0.0017298626296839024
2026-06-15,28.93132244493373,0.004416331635383647
2026-06-16,29.061217744837087,0.004479731934708963
2026-06-17,29.175086984971347,0.00391059789171916
2026-06-18,29.25675071921682,0.002795181210252033
2026-06-19,29.16416328411409,-0.003169670115561433
2026-06-22,29.022303328928324,-0.0048760560492532076
2026-06-23,28.90598771118268,-0.0040158538074031155
2026-06-24,28.873615826136234,-0.001120529960462025
2026-06-25,28.881117152704498,0.0002597649135767716
2026-06-26,28.785154119953564,-0.003328223559995321
2026-06-29,28.757310349484992,-0.000967764342331713
2026-06-30,28.637351511494508,-0.004180145287978307
2026-07-01,28.676116169097813,0.0013527244148098284
2026-07-02,28.80485130947238,0.0044792341278072694
2026-07-03,28.763462403504597,-0.0014379060434306162
2026-07-06,28.735125889537834,-0.0009856421558177898
2026-07-07,28.766442057505188,0.0010892284221663828
2026-07-08,28.707064818473608,-0.002066248029202261
2026-07-09,28.72416785146457,0.0005956004320803353
2026-07-10,28.62572389233291,-0.0034331034576817825
2026-07-13,28.59728718644873,-0.0009938906635264604
2026-07-14,28.546754323974316,-0.0017686139905738539
2026-07-15,28.483083288640664,-0.002232903492403668
2026-07-16,28.400908432714882,-0.002889210500256153
2026-07-17,28.32750564077689,-0.0025878683232057084
2026-07-20,28.317139604499953,-0.00036600234136062394
2026-07-21,28.32257299868248,0.00019185811330869196
2026-07-22,28.11515108378749,-0.0073505036633499925
2026-07-23,28.02246276301923,-0.003302185420537462
2026-07-24,28.134912712614685,0.00400482034417918
2026-07-27,28.146615804945696,0.00041587685366574364
2026-07-28,27.958273000778362,-0.006713978609636717
2026-07-29,27.97662620560506,0.0006562345063900538
2026-07-30,28.058912960837667,0.002936950928104905
2026-07-31,27.883482914713234,-0.006271830815826633
2026-08-03,27.879488570589203,-0.0001432615237126577
2026-08-04,27.86920282319665,-0.00036900408788453383
2026-08-05,27.968598550800746,0.003560162833886319
2026-08-06,27.93258202788942,-0.001288578435091021
2026-08-07,27.830243951442604,-0.0036704808102778637
2026-08-10,27.868551373865042,0.0013755208973081272
2026-08-11,27.873575693598745,0.000180270112090573
2026-08-12,27.85667179202988,-0.0006066329453001646
2026-08-13,27.77381740584723,-0.0029787423637852076
2026-08-14,27.77374914729314,-2.4576613638772584e-06
2026-08-17,27.813946993758,0.0014462860043641637
2026-08-18,27.85182580836805,0.0013609375582061423
2026-08-19,27.75432686415006,-0.003506771803036388
2026-08-20,27.83609473502751,0.002941799234282393
2026-08-21,27.708631177380475,-0.0045895907954479585
